站点名称,主办单位名称,网站名称,目标地址,目标AS域,下行流量,上行流量,总流量
video.momocdn.com,,,175.22.33.241,吉林省联通,4.961G,132.528M,5.093G
live3.abcdsky.com:1935,,,122.136.212.250,吉林省联通,4.704G,280.579M,4.985G
pgdt.gtimg.cn,,,220.194.87.81,天津市联通,4.576G,144.485M,4.721G
lccdn.yingshidq.com.cn,,,182.18.83.67,北京市联通,3.984G,271.692M,4.256G
live1.abcdsky.com:1935,,,122.136.212.251,吉林省联通,3.654G,294.872M,3.949G
crl3.digicert.com,,,117.18.237.29,其他国家,2.791G,140.8M,2.932G
1.189.177.228,,,1.189.177.228,黑龙江省联通,2.646G,112.109M,2.758G
live2.abcdsky.com:1935,,,122.136.212.252,吉林省联通,2.275G,188.821M,2.464G
p0.meituan.net,,,42.56.79.250,辽宁省联通,2.034G,114.762M,2.149G
122.156.230.131:12140,,,122.156.230.131,黑龙江省联通,2.061G,62.9M,2.124G
1.189.177.201,,,1.189.177.201,黑龙江省联通,2.03G,87.133M,2.117G
vod1.abcdsky.com:2100,,,122.136.212.249,吉林省联通,1.98G,130.832M,2.111G
1.189.177.240,,,1.189.177.240,黑龙江省联通,2.01G,98.434M,2.109G
122.156.238.150:49155,,,122.156.238.150,黑龙江省联通,1.898G,86.813M,1.985G
101.71.255.229:6610,,,101.71.255.229,浙江省联通,1.763G,127.007M,1.89G
dlied1.qq.com,,,222.162.104.85,吉林省联通,1.757G,77.099M,1.834G
youku.cdn1-kubozy.com,,,23.224.220.99,其他国家,1.656G,100.079M,1.756G
ali-origin.pull.yximgs.com,,,119.6.235.68,四川省联通,1.613G,97.41M,1.711G
1.189.177.189,,,1.189.177.189,黑龙江省联通,1.608G,102.372M,1.71G
211.178.72.29:9981,,,211.178.72.29,韩国,1.564G,142.649M,1.707G
210.76.57.106,,,210.76.57.106,黑龙江省联通,1.636G,67.836M,1.704G
assets1.xboxlive.cn,,,123.125.46.114,北京市联通,1.638G,40.989M,1.679G
210.76.57.101,,,210.76.57.101,黑龙江省联通,1.548G,73.031M,1.621G
101.71.255.232:6610,,,101.71.255.232,浙江省联通,1.542G,74.134M,1.617G
qxpk.yingyonghui.com,,,221.194.137.93,河北省联通,1.467G,64.783M,1.531G
210.76.57.100,,,210.76.57.100,黑龙江省联通,1.428G,74.244M,1.502G
210.76.58.49,,,210.76.58.49,黑龙江省联通,1.439G,63.234M,1.502G
113.200.143.55,,,113.200.143.55,陕西省联通,1.398G,58.691M,1.457G
121.31.30.87:85,,,121.31.30.87,广西联通,1.362G,77.29M,1.439G
img.momocdn.com,,,221.211.234.243,黑龙江省联通,1.335G,56M,1.391G
121.18.168.149,,,121.18.168.149,河北省联通,1.314G,50.615M,1.365G
101.71.76.177,,,101.71.76.177,浙江省联通,1.283G,23.195M,1.307G
youku.kuyun-leshi.com,,,193.46.241.28,其他国家,1.248G,21.827M,1.27G
210.76.57.49,,,210.76.57.49,黑龙江省联通,1.172G,58.138M,1.23G
v26.douyinvod.com,,,139.215.244.151,吉林省联通,1.186G,40.472M,1.226G
218.62.10.208:2150,,,218.62.10.208,吉林省联通,1.182G,1.655M,1.183G
182.18.83.66,,,182.18.83.66,北京市联通,1.084G,94.425M,1.179G
weixinconf.qq.com,,,157.0.149.87,江苏省联通,1.112G,30.381M,1.142G
v29.douyinvod.com,,,122.143.5.124,吉林省联通,1.067G,50.091M,1.117G
crl4.digicert.com,,,117.18.237.29,其他国家,1.071G,43.446M,1.114G
222.163.248.167:12300,,,222.163.248.167,吉林省联通,1.046G,44.184M,1.09G
bd-proxy.pull.yximgs.com,,,122.143.8.41,吉林省联通,1.016G,3.644M,1.019G
ks-origin.pull.yximgs.com,,,139.215.135.70,吉林省联通,908.214M,93.157M,1.001G
182.18.83.68,,,182.18.83.68,北京市联通,953.931M,46.362M,1G
serveraddr.service.kugou.com,,,111.202.32.59,北京市联通,817.382M,181.796M,999.178M
isure.stream.qqmusic.qq.com,,,218.60.55.243,辽宁省联通,968.762M,25.472M,994.234M
113.6.77.14,,,113.6.77.14,黑龙江省联通,918.432M,66.212M,984.644M
p1.meituan.net,,,113.1.0.87,黑龙江省联通,887.034M,53.104M,940.138M
120.92.1.17,,,120.92.1.17,建省福州市有线宽带,408.351M,514.916M,923.267M
app.download.nongxinyin.com:666,,,58.20.91.70,湖南省联通,874.87M,46.268M,921.138M
66.151.211.250:23455,,,66.151.211.250,美国,818.245M,91.529M,909.773M
139.215.214.60,,,139.215.214.60,吉林省联通,828.953M,44.253M,873.205M
bili.meijuzuida.com,,,172.247.125.67,美国,750.055M,30.05M,780.105M
mayybnew.3g.qq.com,,,116.128.164.61,北京市联通,179.27M,592.631M,771.901M
ev.walknode.com,,,52.83.211.199,美国,154.031M,605.74M,759.772M
210.76.58.3,,,210.76.58.3,黑龙江省联通,722.621M,35.302M,757.922M
59.83.222.31:8088,,,59.83.222.31,山东省济南市天地网联,749.514M,4.398M,753.912M
222.163.248.168:12300,,,222.163.248.168,吉林省联通,693.58M,25.935M,719.515M
211.91.244.221,,,211.91.244.221,湖南省联通,662.367M,55.25M,717.617M
open.xf-yun.com,,,58.67.223.140,四川省铁通,647.935M,67.599M,715.534M
live3.setvn.com:9098,,,220.250.18.58,福建省联通,679.687M,27.16M,706.847M
isure6.stream.qqmusic.qq.com,,,218.60.55.243,辽宁省联通,642.191M,61.153M,703.344M
51.38.62.73,,,51.38.62.73,其他国家,685.66M,7.906M,693.565M
www.1990tu.com,,,104.21.233.191,其他国家,673.398M,17.189M,690.587M
stat.funshion.net,,,123.58.100.179,其他国家,394.719M,283.275M,677.994M
211.91.244.163,,,211.91.244.163,湖南省联通,592.872M,48.846M,641.718M
211.91.244.222,,,211.91.244.222,湖南省联通,603.563M,38.055M,641.618M
182.18.83.70,,,182.18.83.70,北京市联通,600.783M,33.803M,634.585M
defaultts.tc.qq.com,,,119.188.206.151,山东省联通,599.812M,23.675M,623.487M
103.85.85.155:1303,,,103.85.85.155,其他国家,583.707M,20.014M,603.721M
v27.douyinvod.com,,,139.215.218.5,吉林省联通,567.718M,29.278M,596.996M
49.7.115.35,,,49.7.115.35,北京市,239.255M,313.659M,552.914M
c2r.microsoft.com,,,23.52.171.98,美国,525.621M,20.873M,546.495M
211.91.244.165,,,211.91.244.165,湖南省联通,491.645M,45.262M,536.907M
222.162.114.235:49155,,,222.162.114.235,吉林省联通,496.498M,26.479M,522.977M
tx.pull.yximgs.com,,,101.206.241.172,四川省联通,469.704M,47.356M,517.06M
122.136.212.247:2100,,,122.136.212.247,吉林省联通,478.336M,36.025M,514.362M
182.18.83.69,,,182.18.83.69,北京市联通,482.585M,25.383M,507.968M
hlsmgsplive.miguvideo.com:8080,,,101.254.240.85,北京市,462.834M,36.542M,499.376M
downxia.12mma.com,,,45.61.193.134,其他国家,416.16M,74.201M,490.362M
211.91.244.170,,,211.91.244.170,湖南省联通,444.579M,43.172M,487.751M
videos.kboard.cn,,,103.85.84.36,其他国家,465.777M,9.178M,474.956M
122.156.230.134:12140,,,122.156.230.134,黑龙江省联通,453.721M,18.994M,472.716M
122.156.230.198:18080,,,122.156.230.198,黑龙江省联通,450.439M,21.218M,471.657M
211.91.244.164,,,211.91.244.164,湖南省联通,418.151M,40.851M,459.002M
mhhy.dl.gxpan.cn,,,175.21.164.124,吉林省联通,436.589M,11.092M,447.681M
v9.douyinvod.com,,,122.156.230.42,黑龙江省联通,426.515M,8.806M,435.321M
szshort.weixin.qq.com,,,58.251.80.107,广东省联通,407.558M,26.033M,433.591M
211.91.244.167,,,211.91.244.167,湖南省联通,385.076M,40.188M,425.265M
218.60.55.242,,,218.60.55.242,辽宁省联通,402.832M,18.438M,421.27M
data.hicloud.com:8089,,,118.194.33.150,中国,28.525M,384.353M,412.879M
imtt.dd.qq.com,,,210.76.61.41,黑龙江省联通,404.46M,8.354M,412.815M
222.161.141.237:49155,,,222.161.141.237,吉林省联通,396.538M,13.223M,409.76M
47.106.49.14:8682,,,47.106.49.14,其他国家,400.141M,8.805M,408.946M
139.208.110.187:49155,,,139.208.110.187,吉林省联通,394.48M,12.655M,407.136M
images.xiaocao01.cn,,,47.246.43.225,其他国家,378.416M,21.624M,400.04M
kr.cdn.blizzard.com,,,137.221.64.5,其他国家,375.03M,21.383M,396.413M
122.156.230.133:12140,,,122.156.230.133,黑龙江省联通,378.896M,15.358M,394.254M
218.60.55.243,,,218.60.55.243,辽宁省联通,373.953M,18.623M,392.576M
jsmov2.a.yximgs.com,,,218.60.45.1,辽宁省联通,374.465M,17.72M,392.185M
cloudvipd1919.kufile.net,,,60.251.134.37,台湾,371.7M,18.083M,389.784M
ws.tsmusic.kg.qq.com,,,222.161.53.29,吉林省联通,376.492M,13.224M,389.716M
pcdownchuangcdn.titan.mgtv.com,,,182.18.83.70,北京市联通,353.517M,31.647M,385.164M
dldir3.qq.com,,,218.60.33.244,辽宁省联通,363.265M,18.748M,382.013M
v92.douyinvod.com,,,101.72.218.248,河北省联通,365.409M,14.894M,380.303M
704-7.vod.tv.itc.cn,,,101.28.249.189,河北省联通,368.857M,9.41M,378.267M
tx-p2p.pull.yximgs.com,,,139.215.148.42,吉林省联通,357.697M,18.318M,376.015M
iqiyi.cdn9-okzy.com,,,23.224.175.35,其他国家,352.209M,10.571M,362.779M
v2.get.sogou.com,,,49.7.115.35,北京市,142.377M,216.335M,358.712M
211.91.244.168,,,211.91.244.168,湖南省联通,327.329M,31.031M,358.36M
139.208.115.79:49155,,,139.208.115.79,吉林省联通,350.643M,5.976M,356.62M
211.91.244.161,,,211.91.244.161,湖南省联通,317.88M,37.086M,354.965M
220.194.108.91,,,220.194.108.91,天津市联通,343.803M,8.225M,352.028M
101.71.75.116,,,101.71.75.116,浙江省联通,344.907M,4.628M,349.535M
119.50.108.154:49155,,,119.50.108.154,吉林省联通,340.143M,7.816M,347.959M
v.yongjiujiexi.com,,,172.247.77.195,美国,322.588M,24.654M,347.242M
kbsnlife.gscdn.kbs.co.kr,,,13.226.115.59,美国,317.61M,29.576M,347.186M
139.208.110.31:49155,,,139.208.110.31,吉林省联通,336.294M,9.435M,345.729M
107.148.248.37:61231,,,107.148.248.37,其他国家,323.957M,13.847M,337.804M
v.waer.run,,,1.56.63.117,黑龙江省联通,305.168M,28.793M,333.961M
121.27.236.156:20800,,,121.27.236.156,河北省联通,328.292M,5.354M,333.646M
v4.qutoutiao.net,,,103.15.99.87,浙江省杭州市,323.177M,9.546M,332.723M
139.208.51.123:61797,,,139.208.51.123,吉林省联通,332.159M,0,332.159M
downs.doufile.com,,,88.99.59.108,其他国家,316.585M,15.288M,331.873M
aqv.hicloud.com,,,118.194.35.16,中国,310.365M,18.491M,328.856M
60.5.240.44:12300,,,60.5.240.44,河北省联通,315.978M,12.119M,328.097M
122.137.230.6:49155,,,122.137.230.6,吉林省联通,318.647M,8.693M,327.34M
222.162.187.35:49155,,,222.162.187.35,吉林省联通,320.347M,4.641M,324.989M
211.91.244.166,,,211.91.244.166,湖南省联通,283.422M,39.759M,323.18M
119.116.171.214:480,,,119.116.171.214,辽宁省联通,300.243M,18.583M,318.826M
139.208.9.96:49155,,,139.208.9.96,吉林省联通,306.242M,5.982M,312.224M
mugc.music.tc.qq.com,,,210.76.57.180,黑龙江省联通,296.692M,13.388M,310.079M
developers.google.cn,,,203.208.41.98,北京市Google中国,148.432M,160.697M,309.129M
125.39.132.120,,,125.39.132.120,天津市联通,293.17M,15.131M,308.301M
1tv.gscdn.kbs.co.kr,,,54.230.86.66,美国,275.444M,28.753M,304.197M
www.google.cn,,,203.208.41.34,北京市Google中国,146.692M,157.289M,303.98M
139.215.126.232:49155,,,139.215.126.232,吉林省联通,279.892M,22.053M,301.945M
imgcdn.lnedna.cn,,,61.167.55.237,黑龙江省联通,297.687M,3.208M,300.894M
210.22.245.55,,,210.22.245.55,上海市联通,295.617M,4.089M,299.706M
116.199.5.51:8114,,,116.199.5.51,广东省广州市珠江宽频,282.024M,17.358M,299.382M
211.91.244.169,,,211.91.244.169,湖南省联通,262.332M,36.404M,298.737M
vipxz.bocai-zuida.com,,,23.224.177.188,其他国家,290.472M,8.005M,298.477M
cxcnd.kuwo.cn,,,122.136.191.202,吉林省联通,293.672M,4.405M,298.077M
p1-tt-ipv6.byteimg.com,,,117.12.41.16,天津市联通,292.369M,3.059M,295.428M
level3.blizzard.com,,,67.27.41.254,美国,267.885M,24.192M,292.077M
v29.huoshanvod.com,,,123.135.106.251,山东省联通,273.783M,15.445M,289.228M
pic.fangfu1688.com,,,104.18.59.202,其他国家,277.697M,9.994M,287.691M
119.49.122.109:49155,,,119.49.122.109,吉林省联通,274.609M,13.037M,287.646M
211.91.244.162,,,211.91.244.162,湖南省联通,255.751M,31.837M,287.588M
139.208.106.229:49155,,,139.208.106.229,吉林省联通,276.6M,9.881M,286.48M
v5-tt.ixigua.com,,,116.162.51.97,北京市联通,278.56M,6.474M,285.035M
222.162.185.139:49155,,,222.162.185.139,吉林省联通,273.538M,8.691M,282.229M
gift.s3.huajiao.com,,,119.36.33.85,湖北省联通,268.367M,12.144M,280.512M
tx-adaptive.pull.yximgs.com,,,1.189.177.247,黑龙江省联通,261.587M,16.456M,278.043M
1.down.vbgpnp5.cn:8027,,,112.132.249.50,安徽省联通,272.847M,4.307M,277.154M
c2.pcs.baidu.com,,,119.167.143.25,山东省联通,10.898M,264.25M,275.148M
139.208.108.98:49155,,,139.208.108.98,吉林省联通,266.936M,7.727M,274.664M
mazuburst-wifi.3g.qq.com,,,58.251.106.151,广东省联通,11.246M,258.06M,269.306M
dldir1.qq.com,,,210.76.57.241,黑龙江省联通,255.972M,13.146M,269.117M
221.8.206.103:2080,,,221.8.206.103,吉林省联通,261.132M,7.407M,268.539M
www.bing.com,,,202.89.233.100,北京市海淀BGP多线,259.571M,7.415M,266.986M
64.32.31.12,,,64.32.31.12,美国,249.772M,16.822M,266.594M
rmpad.imtt.qq.com,,,222.162.104.214,吉林省联通,253.596M,12.179M,265.776M
119.49.217.114:49155,,,119.49.217.114,吉林省联通,250.909M,12.372M,263.281M
down.game.qq.com,,,111.206.15.101,北京市联通,253.186M,9.793M,262.979M
119.49.154.147:49155,,,119.49.154.147,吉林省联通,249.802M,12.056M,261.859M
download.windowsupdate.com:1786,,,42.157.196.215,北京市,254.033M,6.852M,260.885M
122.137.51.244:49155,,,122.137.51.244,吉林省联通,246.69M,13.85M,260.54M
182.18.83.78,,,182.18.83.78,北京市联通,246.855M,12.591M,259.446M
122.137.48.180:49155,,,122.137.48.180,吉林省联通,249.198M,8.768M,257.966M
51.255.65.234,,,51.255.65.234,其他国家,248.376M,9.49M,257.866M
139.208.104.56:49155,,,139.208.104.56,吉林省联通,253.554M,3.755M,257.309M
p6-tt-ipv6.byteimg.com,,,139.215.135.123,吉林省联通,254.409M,2.838M,257.247M
704-6.vod.tv.itc.cn,,,101.28.249.188,河北省联通,250.165M,6.325M,256.49M
get.sogou.com,,,49.7.115.35,北京市,108.618M,147.13M,255.749M
119.50.111.205:49155,,,119.50.111.205,吉林省联通,251.768M,3.881M,255.649M
pcdownyf.titan.mgtv.com,,,182.18.83.67,北京市联通,238.193M,16.482M,254.675M
107.148.243.165:60001,,,107.148.243.165,其他国家,225.853M,28.187M,254.041M
139.208.114.200:49155,,,139.208.114.200,吉林省联通,248.035M,5.763M,253.797M
v5-hs.ixigua.com,,,221.206.205.105,黑龙江省联通,239.761M,12.875M,252.636M
139.208.104.107:49155,,,139.208.104.107,吉林省联通,237.281M,13.773M,251.054M
szextshort.weixin.qq.com,,,163.177.81.139,广东省联通,182.746M,68.1M,250.846M
139.208.10.252:49155,,,139.208.10.252,吉林省联通,245.471M,4.811M,250.282M
i.gtimg.cn,,,1.31.108.213,内蒙古联通,239.899M,9.47M,249.369M
119.49.218.23:49155,,,119.49.218.23,吉林省联通,239.737M,9.316M,249.053M
58.247.204.58,,,58.247.204.58,上海市联通,11.839M,236.921M,248.761M
msg.ptqy.gitv.tv,,,61.135.173.156,北京市联通,60.585M,183.065M,243.65M
103.85.85.155:1333,,,103.85.85.155,其他国家,218.816M,24.041M,242.857M
122.136.160.151:49155,,,122.136.160.151,吉林省联通,237.26M,5.186M,242.446M
122.137.231.38:49155,,,122.137.231.38,吉林省联通,234.806M,7.131M,241.937M
119.49.154.226:49155,,,119.49.154.226,吉林省联通,236.69M,5.144M,241.834M
youku.hao-yongjiu.com,,,172.247.77.171,美国,240.659M,1.115M,241.773M
valipl-p-device.cp31.ott.cibntv.net,,,119.167.173.240,山东省联通,232.828M,8.796M,241.624M
139.215.127.75:49155,,,139.215.127.75,吉林省联通,229.142M,12.16M,241.302M
ar.player.nf01.sycdn.kuwo.cn,,,119.188.86.208,山东省联通,225.168M,16.085M,241.253M
222.162.186.148:49155,,,222.162.186.148,吉林省联通,235.442M,5.766M,241.208M
60.5.240.43:12300,,,60.5.240.43,河北省联通,229.506M,9.784M,239.289M
image.xmanhua.com,,,104.27.151.187,其他国家,234.03M,3.769M,237.799M
image.faxingwu.com,,,219.83.162.18,北京市北龙中网,227.027M,10.183M,237.21M
222.161.143.135:49155,,,222.161.143.135,吉林省联通,226.867M,8.776M,235.643M
218.26.2.166:12140,,,218.26.2.166,山西省联通,227.755M,7.847M,235.602M
116.95.24.9,,,116.95.24.9,内蒙古联通,234.122M,1.314M,235.436M
42.7.53.4,,,42.7.53.4,辽宁省联通,224.516M,9.802M,234.319M
139.208.11.23:49155,,,139.208.11.23,吉林省联通,227.676M,6.625M,234.301M
mtrace.qq.com,,,61.181.203.251,天津市联通,43.479M,190.216M,233.695M
videocdn.dlyilian.com:8091,,,89.187.186.62,其他国家,222.19M,10.634M,232.825M
v.weishi.qq.com,,,42.56.64.202,辽宁省联通,224.988M,7.237M,232.226M
116.95.24.15,,,116.95.24.15,内蒙古联通,219.656M,11.764M,231.421M
122.140.92.188:8001,,,122.140.92.188,吉林省联通,230.434M,43.985K,230.478M
122.137.57.207:49155,,,122.137.57.207,吉林省联通,224.109M,4.886M,228.995M
222.160.104.185:1443,,,222.160.104.185,吉林省联通,216.333M,12.085M,228.419M
122.136.166.251:49155,,,122.136.166.251,吉林省联通,220.004M,7.505M,227.509M
122.137.230.168:49155,,,122.137.230.168,吉林省联通,211.472M,14.321M,225.793M
182.112.154.83:1443,,,182.112.154.83,河南省联通,213.824M,11.57M,225.393M
119.50.105.19:49155,,,119.50.105.19,吉林省联通,217.962M,7.133M,225.095M
164.132.171.23,,,164.132.171.23,其他国家,215.386M,9.346M,224.732M
short.weixin.qq.com,,,223.166.152.101,上海市联通,209.734M,14.922M,224.655M
1.245.74.5:1935,,,1.245.74.5,韩国,191.315M,31.7M,223.015M
704-5.vod.tv.itc.cn,,,101.28.249.187,河北省联通,217.681M,5.287M,222.968M
61.224.156.131,,,61.224.156.131,台湾,214.653M,8.267M,222.921M
mt2.google.cn,,,203.208.43.81,北京市Google中国,204.631M,17.196M,221.827M
njtg.nercita.org.cn,,,123.127.160.27,其他国家,200.262M,19.889M,220.15M
alimov2.a.yximgs.com,,,139.215.240.238,吉林省联通,207.772M,11.43M,219.202M
119.49.122.91:49155,,,119.49.122.91,吉林省联通,212.83M,6.316M,219.146M
119.178.190.140:1443,,,119.178.190.140,山东省联通,207.366M,11.512M,218.878M
58.245.235.73:1443,,,58.245.235.73,吉林省联通,216.62M,0,216.62M
119.49.218.41:49155,,,119.49.218.41,吉林省联通,207.538M,8.236M,215.774M
222.161.140.145:49155,,,222.161.140.145,吉林省联通,210.491M,4.879M,215.37M
116.153.3.119,,,116.153.3.119,北京市联通,203.389M,10.184M,213.573M
119.49.214.138:49155,,,119.49.214.138,吉林省联通,201.643M,11.012M,212.655M
139.208.51.124:49155,,,139.208.51.124,吉林省联通,207.908M,3.684M,211.592M
116.153.3.108,,,116.153.3.108,北京市联通,204.733M,5.74M,210.473M
222.162.185.200:49155,,,222.162.185.200,吉林省联通,202.979M,7.306M,210.285M
220.194.93.12:8080,,,220.194.93.12,天津市联通,4.574M,205.438M,210.013M
122.137.230.197:49155,,,122.137.230.197,吉林省联通,204.75M,4.614M,209.364M
119.50.110.196:49155,,,119.50.110.196,吉林省联通,205.79M,2.697M,208.488M
42.57.79.109:1444,,,42.57.79.109,辽宁省联通,197.283M,10.625M,207.908M
extshort.weixin.qq.com,,,116.128.171.105,北京市联通,140.734M,65.515M,206.249M
pull-flv-l6.douyincdn.com,,,42.87.68.120,辽宁省联通,196.025M,6.434M,202.46M
222.162.185.214:49155,,,222.162.185.214,吉林省联通,196.261M,6.164M,202.426M
douban.donghongzuida.com,,,45.13.92.139,其他国家,184.655M,15.738M,200.392M
60.5.240.42:12300,,,60.5.240.42,河北省联通,188.248M,11.756M,200.005M
122.136.141.100:49155,,,122.136.141.100,吉林省联通,191.469M,7.501M,198.97M
60.23.81.151:1443,,,60.23.81.151,辽宁省联通,99.3M,99.204M,198.503M
120.92.75.119,,,120.92.75.119,建省福州市有线宽带,190.514M,6.356M,196.871M
net.domain.name,,,199.59.242.153,美国,180.783M,16.073M,196.856M
211.97.73.204,,,211.97.73.204,广西联通,192.221M,3.376M,195.597M
119.50.105.202:49155,,,119.50.105.202,吉林省联通,186.446M,7.941M,194.387M
42.7.53.9,,,42.7.53.9,辽宁省联通,182.162M,11.83M,193.993M
txmov2.a.yximgs.com,,,175.21.254.59,吉林省联通,182.29M,10.574M,192.864M
videocdn2.quweikm.com:8091,,,89.187.186.151,其他国家,183.948M,8.385M,192.333M
115.57.125.148,,,115.57.125.148,河南省联通,188.537M,3.635M,192.172M
218.26.2.162:12140,,,218.26.2.162,山西省联通,186.09M,5.918M,192.008M
wxapp.tc.qq.com,,,210.76.57.254,黑龙江省联通,183.949M,7.756M,191.705M
txdwkmov.a.yximgs.com,,,175.22.48.156,吉林省联通,181.102M,9.449M,190.551M
122.143.8.41,,,122.143.8.41,吉林省联通,187.838M,2.665M,190.502M
139.208.50.203:49155,,,139.208.50.203,吉林省联通,181.45M,8.191M,189.641M
good.jieshuo-okzy.com,,,45.13.93.35,其他国家,174.969M,14.231M,189.2M
us_la_8.kuto.fun,,,104.24.116.99,其他国家,172.801M,15.448M,188.249M
119.49.152.244:49155,,,119.49.152.244,吉林省联通,182.593M,5.466M,188.059M
v5-dy-e.ixigua.com,,,139.209.206.102,吉林省联通,180.541M,7.512M,188.053M
122.136.167.62:49155,,,122.136.167.62,吉林省联通,179.46M,8.181M,187.64M
222.162.186.201:49155,,,222.162.186.201,吉林省联通,183.716M,3.702M,187.418M
704-2.vod.tv.itc.cn,,,101.28.249.179,河北省联通,180.27M,6.183M,186.452M
119.114.240.235:1443,,,119.114.240.235,辽宁省联通,176.103M,10.312M,186.415M
222.162.187.34:49155,,,222.162.187.34,吉林省联通,177.769M,4.915M,182.684M
scs.openspeech.cn,,,220.248.230.134,安徽省联通,19.121M,163.039M,182.16M
699-11.vod.tv.itc.cn,,,124.95.136.16,辽宁省联通,177M,3.766M,180.766M
139.208.118.36:49155,,,139.208.118.36,吉林省联通,173.49M,6.658M,180.148M
5.135.137.47,,,5.135.137.47,其他国家,174.524M,5.205M,179.728M
ali-p1.yximgs.com,,,1.189.44.226,黑龙江省联通,170.3M,9.283M,179.583M
xianxia.wuxiantao.net,,,124.95.191.196,辽宁省联通,170.478M,9.063M,179.541M
cdnzmr.13yx.top,,,182.18.83.73,北京市联通,172.213M,6.969M,179.182M
175.171.84.212:61900,,,175.171.84.212,辽宁省联通,168.73M,8.049M,176.78M
122.136.138.108:49155,,,122.136.138.108,吉林省联通,168.995M,6.784M,175.779M
139.215.125.248:49155,,,139.215.125.248,吉林省联通,158.974M,16.699M,175.673M
vote.cnjiwang.com,,,119.53.210.98,吉林省联通,161.844M,12.745M,174.589M
113.0.165.14,,,113.0.165.14,黑龙江省联通,170.404M,3.858M,174.262M
sjxj2.haowusong.com,,,124.95.191.195,辽宁省联通,164.842M,8.213M,173.055M
pp.myapp.com,,,218.24.83.77,辽宁省联通,164.604M,7.865M,172.468M
12.cdl4-pcgame.720582.com:8090,,,37.187.127.197,其他国家,157.75M,14.447M,172.197M
60.218.173.6:16238,,,60.218.173.6,黑龙江省联通,159.262M,12.245M,171.506M
xigua-cdn.haima-zuida.com,,,193.46.241.140,其他国家,164.477M,6.905M,171.382M
116.153.3.124,,,116.153.3.124,北京市联通,165.454M,5.367M,170.82M
blizzard.gcdn.cloudn.co.kr,,,110.45.217.196,韩国,165.545M,4.666M,170.211M
58.247.204.56,,,58.247.204.56,上海市联通,165.056M,5.062M,170.118M
139.208.110.45:49155,,,139.208.110.45,吉林省联通,166.667M,2.757M,169.424M
222.162.186.214:49155,,,222.162.186.214,吉林省联通,166.493M,2.611M,169.104M
119.49.209.73:49155,,,119.49.209.73,吉林省联通,163.64M,5.157M,168.796M
704-8.vod.tv.itc.cn,,,101.28.249.193,河北省联通,163.685M,4.122M,167.806M
119.167.131.26,,,119.167.131.26,山东省联通,164.11M,2.797M,166.906M
kukong.hismarttv.com,,,40.73.1.11,美国,11.985M,153.769M,165.754M
adserverlb-1050063975.us-east-1.elb.amazonaws.com,,,50.16.248.89,美国,159.233M,6.378M,165.611M
175.22.245.64:49155,,,175.22.245.64,吉林省联通,161.323M,3.262M,164.585M
119.50.104.116:49155,,,119.50.104.116,吉林省联通,158.433M,5.626M,164.058M
sjymov.a.yximgs.com,,,119.188.44.213,山东省联通,155.994M,7.765M,163.759M
42.7.53.6,,,42.7.53.6,辽宁省联通,157.83M,5.088M,162.918M
down.avkdimage.com:48011,,,54.39.49.159,美国,153.596M,8.656M,162.252M
6xiaz.com,,,104.21.235.131,其他国家,152.806M,8.972M,161.778M
03.cdl8-pcgame.720582.com:8090,,,37.187.120.208,其他国家,144.492M,15.878M,160.371M
dev.voicecloud.cn,,,42.62.116.18,广东省佛山市盈辉在线网络有限公司,142.214M,16.758M,158.971M
tukuimg.bdstatic.com,,,116.136.132.35,北京市联通,153.773M,4.696M,158.469M
39.87.44.114:23646,,,39.87.44.114,山东省联通,153.216M,5.203M,158.419M
110.9.253.17:9981,,,110.9.253.17,韩国,103.971M,53.463M,157.434M
115.57.125.150,,,115.57.125.150,河南省联通,152.598M,2.863M,155.461M
f1.cbsxf.cn:8080,,,139.215.214.61,吉林省联通,147.404M,7.907M,155.311M
116.153.3.125,,,116.153.3.125,北京市联通,149.211M,5.276M,154.487M
113.3.175.161:1449,,,113.3.175.161,黑龙江省联通,148.28M,5.857M,154.136M
baidu.com-l-baidu.com,,,23.225.233.123,其他国家,138.199M,15.412M,153.611M
175.147.89.49:1443,,,175.147.89.49,辽宁省联通,148.459M,4.973M,153.432M
42.6.22.51:1443,,,42.6.22.51,辽宁省联通,149.358M,3.564M,152.922M
www.bbvdd.com,,,104.21.235.30,其他国家,147.58M,5.124M,152.704M
218.68.90.190,,,218.68.90.190,天津市联通,146.734M,5.953M,152.687M
www.tszye.cn:2100,,,104.233.194.225,其他国家,138.914M,13.464M,152.378M
175.172.222.2:480,,,175.172.222.2,辽宁省联通,151.28M,803.942K,152.084M
60.5.240.45:12300,,,60.5.240.45,河北省联通,146.145M,4.951M,151.095M
qzonestyle.gtimg.cn,,,42.56.79.99,辽宁省联通,144.229M,5.508M,149.737M
59.149.125.139,,,59.149.125.139,香港,146.206M,3.024M,149.23M
704-3.vod.tv.itc.cn,,,101.28.249.183,河北省联通,144.067M,5.084M,149.151M
downhdlogo.yy.com,,,119.36.50.5,湖北省联通,142.645M,6.259M,148.905M
119.49.215.56:49155,,,119.49.215.56,吉林省联通,139.417M,9.289M,148.706M
119.50.104.9:49155,,,119.50.104.9,吉林省联通,146.628M,2.053M,148.681M
122.137.57.91:49155,,,122.137.57.91,吉林省联通,141.81M,5.248M,147.058M
139.213.97.111:49155,,,139.213.97.111,吉林省联通,141.687M,5.253M,146.94M
slive.ytn.co.kr:1935,,,119.205.216.224,韩国,140.876M,5.173M,146.049M
hlsmgspvod.miguvideo.com:8080,,,180.95.171.140,甘肃省联通,140.206M,5.534M,145.74M
123.6.22.178,,,123.6.22.178,河南省联通,144.572M,1.14M,145.712M
119.49.209.54:49155,,,119.49.209.54,吉林省联通,142.36M,2.966M,145.326M
v5-dy-g.ixigua.com,,,175.23.172.97,吉林省联通,139.916M,5.17M,145.086M
ali2.a.yximgs.com,,,103.15.99.82,浙江省杭州市,140.951M,3.447M,144.397M
119.6.229.173,,,119.6.229.173,四川省联通,137.627M,6.704M,144.331M
222.161.143.100:49155,,,222.161.143.100,吉林省联通,139.026M,5.052M,144.077M
45.66.135.90,,,45.66.135.90,其他国家,134.353M,9.524M,143.877M
youku.cdn1-letv.com,,,23.225.233.131,其他国家,137.924M,4.187M,142.11M
36.249.54.25:1444,,,36.249.54.25,福建省联通,133.082M,8.479M,141.561M
cloudfront.com,,,114.108.130.33,韩国,124.826M,13.59M,138.417M
222.162.186.143:49155,,,222.162.186.143,吉林省联通,134.383M,3.877M,138.26M
qqpublic.qpic.cn,,,27.221.28.145,山东省联通,132.371M,5.022M,137.393M
vod.mpmbc.co.kr:1935,,,218.149.17.25,韩国,133.821M,3.478M,137.298M
